threshold_probability,calls_per_readmission_tolerated,net_benefit_model,net_benefit_call_everyone,net_benefit_call_nobody,net_true_positives_per_1000,advantage_over_best_alternative
0.02,49.0,0.09539601001984772,0.09539601001984772,0.0,95.39601001984772,0.0
0.025,39.0,0.0907609055082883,0.09075701519943669,0.0,90.7609055082883,3.890308851617341e-06
0.030000000000000002,32.33333333333333,0.08615205260114672,0.08607019569015543,0.0,86.15205260114672,8.185691099128756e-05
0.035,27.57142857142857,0.08153946253710181,0.08133480810305779,0.0,81.53946253710181,0.0002046544340440215
0.04000000000000001,23.999999999999993,0.07747306933697465,0.07655009356192788,0.0,77.47306933697465,0.0009229757750467693
0.045000000000000005,21.222222222222218,0.07299180780391473,0.07171527729785421,0.0,72.99180780391474,0.0012765305060605248
0.05,18.999999999999996,0.06829621466806143,0.06682956823100081,0.0,68.29621466806144,0.0014666464370606258
0.05500000000000001,17.18181818181818,0.06391859777790088,0.061892158539101336,0.0,63.91859777790088,0.0020264392387995406
0.06000000000000001,15.666666666666663,0.060433795924164785,0.056902223212181656,0.0,60.433795924164784,0.003531572711983129
0.065,14.384615384615385,0.056400844775366187,0.05185891959299548,0.0,56.40084477536619,0.004541925182370704
0.07,13.285714285714283,0.05340072184889896,0.04676138690263523,0.0,53.40072184889896,0.006639334946263731
0.07500000000000001,12.333333333333332,0.04978396694373026,0.041608745750757584,0.0,49.783966943730256,0.008175221192972676
0.08000000000000002,11.499999999999996,0.04657427014000205,0.03640009762983777,0.0,46.57427014000205,0.010174172510164281
0.08500000000000002,10.764705882352938,0.043158427385801515,0.031134524392842353,0.0,43.15842738580152,0.012023902992959162
0.09000000000000001,10.11111111111111,0.040265808131078946,0.025811087713682165,0.0,40.26580813107895,0.014454720417396781
0.09500000000000001,9.526315789473683,0.03789865805623104,0.020428828529779855,0.0,37.89865805623104,0.017469829526451187
0.10000000000000002,8.999999999999998,0.03595250538051326,0.0149867664660564,0.0,35.952505380513266,0.020965738914456862
0.10500000000000001,8.523809523809524,0.033712242895410395,0.009483899239609794,0.0,33.7122428954104,0.0242283436558006
0.11000000000000001,8.09090909090909,0.03171104394427312,0.003919202044326706,0.0,31.71104394427312,0.027791841899946414
0.11500000000000002,7.695652173913042,0.03013068382640139,-0.0017083730853663798,0.0,30.13068382640139,0.03013068382640139
0.12000000000000002,7.333333333333332,0.0279697291531611,-0.00739989793244232,0.0,27.9697291531611,0.0279697291531611
0.12500000000000003,6.999999999999998,0.025330356691303436,-0.013156468777770547,0.0,25.330356691303436,0.025330356691303436
0.13000000000000003,6.692307692307691,0.023805828335516144,-0.018979207104079604,0.0,23.805828335516143,0.023805828335516144
0.135,6.4074074074074066,0.02260307671259547,-0.02486926032433437,0.0,22.603076712595467,0.02260307671259547
0.14,6.142857142857142,0.021266961407321934,-0.030827802535522364,0.0,21.266961407321933,0.021266961407321934
0.14500000000000002,5.896551724137931,0.0196395758525936,-0.03685603529888801,0.0,19.639575852593598,0.0196395758525936
0.15000000000000002,5.666666666666666,0.0186290871985268,-0.04295518844770502,0.0,18.6290871985268,0.0186290871985268
0.15500000000000003,5.451612903225805,0.017404044784038473,-0.049126520923726935,0.0,17.404044784038472,0.017404044784038473
0.16000000000000003,5.249999999999999,0.01665330067696931,-0.05537132164351102,0.0,16.65330067696931,0.01665330067696931
0.16500000000000004,5.06060606060606,0.015649780699562778,-0.06169091039586738,0.0,15.649780699562777,0.015649780699562778
0.17000000000000004,4.882352941176469,0.014637216747432753,-0.06808663877174609,0.0,14.637216747432753,0.014637216747432753
0.17500000000000004,4.714285714285713,0.014202102959499401,-0.07455989112793851,0.0,14.2021029594994,0.014202102959499401
0.18000000000000002,4.5555555555555545,0.013432951807897681,-0.08111208558603566,0.0,13.432951807897682,0.013432951807897681
0.18500000000000003,4.405405405405404,0.013010863484599278,-0.08774467506815861,0.0,13.010863484599279,0.013010863484599278
0.19000000000000003,4.263157894736841,0.012451197636382815,-0.09445914837104846,0.0,12.451197636382815,0.012451197636382815
0.19500000000000003,4.128205128205127,0.011414021190198183,-0.10125703128018543,0.0,11.414021190198184,0.011414021190198183
0.20000000000000004,3.999999999999999,0.009722854397410604,-0.10813988772568658,0.0,9.722854397410604,0.009722854397410604
0.20500000000000004,3.878048780487804,0.009012035025209073,-0.11510932098182297,0.0,9.012035025209073,0.009012035025209073
0.21000000000000005,3.7619047619047605,0.008547648724414506,-0.1221669749120877,0.0,8.547648724414506,0.008547648724414506
0.21500000000000002,3.651162790697674,0.008263858488107532,-0.1293145352618462,0.0,8.263858488107532,0.008263858488107532
0.22000000000000003,3.545454545454545,0.007748198462809292,-0.1365537310007042,0.0,7.748198462809293,0.007748198462809292
0.22500000000000003,3.4444444444444438,0.007073836430583898,-0.14388633571683776,0.0,7.073836430583898,0.007073836430583898
0.23000000000000004,3.347826086956521,0.006366414650438317,-0.1513141690656484,0.0,6.366414650438317,0.006366414650438317
0.23500000000000004,3.2553191489361692,0.006258947551440878,-0.15883909827522782,0.0,6.258947551440878,0.006258947551440878
0.24000000000000005,3.166666666666666,0.006095499711195754,-0.166463039711249,0.0,6.095499711195754,0.006095499711195754
0.24500000000000005,3.0816326530612232,0.005733954556400574,-0.1741879605040388,0.0,5.733954556400574,0.005733954556400574
0.25000000000000006,2.9999999999999996,0.0056137156728872685,-0.18201588024073237,0.0,5.613715672887269,0.0056137156728872685
0.25500000000000006,2.9215686274509793,0.004673514184653532,-0.1899488727255695,0.0,4.673514184653532,0.004673514184653532
0.26000000000000006,2.8461538461538454,0.004270087110323794,-0.1979890678115531,0.0,4.270087110323794,0.004270087110323794
0.26500000000000007,2.773584905660376,0.0039495897484063125,-0.20613865330686984,0.0,3.9495897484063125,0.0039495897484063125
0.2700000000000001,2.703703703703703,0.003248514474906627,-0.21439987695965654,0.0,3.248514474906627,0.003248514474906627
0.275,2.6363636363636362,0.003095478508659491,-0.22277504852489552,0.0,3.095478508659491,0.003095478508659491
0.28,2.571428571428571,0.0029276735391133802,-0.23126654191742954,0.0,2.92767353911338,0.0029276735391133802
0.28500000000000003,2.508771929824561,0.00279288809102191,-0.23987679745531362,0.0,2.79288809102191,0.00279288809102191
0.29000000000000004,2.4482758620689653,0.0028043647511936535,-0.24860832419795673,0.0,2.8043647511936536,0.0028043647511936535
0.29500000000000004,2.3898305084745757,0.002826047267693999,-0.2574637023837578,0.0,2.826047267693999,0.002826047267693999
0.30000000000000004,2.333333333333333,0.0028321448439791634,-0.26644558597221324,0.0,2.8321448439791634,0.0028321448439791634
0.30500000000000005,2.2786885245901636,0.00280449286451585,-0.2755567052957544,0.0,2.80449286451585,0.00280449286451585
0.31000000000000005,2.2258064516129026,0.0025235700563717017,-0.284799869826883,0.0,2.523570056371702,0.0025235700563717017
0.31500000000000006,2.174603174603174,0.0024319825641468612,-0.29417797106649535,0.0,2.4319825641468613,0.0024319825641468612
0.32000000000000006,2.1249999999999996,0.002406728128969687,-0.30369398555963134,0.0,2.4067281289696867,0.002406728128969687
0.32500000000000007,2.076923076923076,0.002328277804937896,-0.31335097804525824,0.0,2.328277804937896,0.002328277804937896
0.33000000000000007,2.03030303030303,0.002004844537742179,-0.32315210474708855,0.0,2.004844537742179,0.002004844537742179
0.3350000000000001,1.985074626865671,0.002072393850656073,-0.3331006168128561,0.0,2.072393850656073,0.002072393850656073
0.3400000000000001,1.9411764705882346,0.001976984225504935,-0.3431998639099233,0.0,1.9769842255049348,0.001976984225504935
0.3450000000000001,1.8985507246376805,0.00197547507724119,-0.35345329798557157,0.0,1.97547507724119,0.00197547507724119
0.3500000000000001,1.8571428571428563,0.0019918381320293004,-0.36386447720084514,0.0,1.9918381320293004,0.0019918381320293004
0.3550000000000001,1.8169014084507036,0.0019151477800163634,-0.37443707004736326,0.0,1.9151477800163634,0.0019151477800163634
0.36000000000000004,1.7777777777777772,0.0018807211854549128,-0.3851748596571083,0.0,1.8807211854549128,0.0018807211854549128
0.36500000000000005,1.7397260273972601,0.0019261929992023638,-0.39608174831582554,0.0,1.9261929992023639,0.0019261929992023638
0.37000000000000005,1.7027027027027022,0.001903349043388491,-0.40716176219134803,0.0,1.903349043388491,0.001903349043388491
0.37500000000000006,1.6666666666666665,0.0017599757244727658,-0.41841905628887877,0.0,1.7599757244727658,0.0017599757244727658
0.38000000000000006,1.6315789473684206,0.0016803624362318765,-0.42985791964604736,0.0,1.6803624362318765,0.0016803624362318765
0.38500000000000006,1.5974025974025972,0.0014275852059081962,-0.4414827807813809,0.0,1.4275852059081962,0.0014275852059081962
0.39000000000000007,1.5641025641025634,0.0011515951956343844,-0.4532982134107366,0.0,1.1515951956343844,0.0011515951956343844
0.3950000000000001,1.531645569620253,0.0011540070711668344,-0.4653089424471889,0.0,1.1540070711668344,0.0011540070711668344
0.4000000000000001,1.4999999999999993,0.0008260422461605893,-0.4775198503009156,0.0,0.8260422461605893,0.0008260422461605893
0.4050000000000001,1.4691358024691354,0.0006532122786908724,-0.4899359834967215,0.0,0.6532122786908724,0.0006532122786908724
0.4100000000000001,1.4390243902439017,0.00046630956268906313,-0.5025625596280499,0.0,0.46630956268906315,0.00046630956268906313
0.4150000000000001,1.409638554216867,0.00028226352001196485,-0.5154049746676056,0.0,0.28226352001196486,0.00028226352001196485
0.4200000000000001,1.3809523809523803,0.00015172204521316947,-0.5284688106561196,0.0,0.15172204521316945,0.00015172204521316947
0.4250000000000001,1.3529411764705879,5.057401507105649e-05,-0.5417598437922597,0.0,0.050574015071056494,5.057401507105649e-05
0.4300000000000001,1.3255813953488365,5.057401507105649e-05,-0.5552840529483323,0.0,0.050574015071056494,5.057401507105649e-05
0.43500000000000005,1.2988505747126433,0.0,-0.5690476286381404,0.0,0.0,0.0
0.44000000000000006,1.2727272727272725,0.0,-0.5830569824652666,0.0,0.0,0.0
0.44500000000000006,1.2471910112359548,0.0,-0.5973187570820708,0.0,0.0,0.0
0.45000000000000007,1.2222222222222219,0.0,-0.6118398366919079,0.0,0.0,0.0
0.45500000000000007,1.1978021978021975,0.0,-0.6266273581294483,0.0,0.0,0.0
0.4600000000000001,1.1739130434782605,0.0,-0.6416887225565728,0.0,0.0,0.0
0.4650000000000001,1.1505376344086018,0.0,-0.657031607814111,0.0,0.0,0.0
0.4700000000000001,1.1276595744680846,0.0,-0.6726639814727345,0.0,0.0,0.0
0.4750000000000001,1.1052631578947365,0.0,-0.6885941146296178,0.0,0.0,0.0
0.4800000000000001,1.083333333333333,0.0,-0.7048305965010565,0.0,0.0,0.0
0.4850000000000001,1.0618556701030923,0.0,-0.7213823498651444,0.0,0.0,0.0
0.4900000000000001,1.0408163265306118,0.0,-0.7382586474128419,0.0,0.0,0.0
0.4950000000000001,1.0202020202020197,0.0,-0.7554691290703949,0.0,0.0,0.0
0.5000000000000001,0.9999999999999996,0.0,-0.7730238203610988,0.0,0.0,0.0
0.5050000000000001,0.9801980198019797,0.0,-0.7909331518798979,0.0,0.0,0.0
